{
  "version": 1,
  "author": "Anonymous maker",
  "editor": "wokwi",
  "parts": [
    { "type": "wokwi-arduino-uno", "id": "uno", "top": 29.4, "left": -19.8, "attrs": {} },
    {
      "type": "wokwi-ntc-temperature-sensor",
      "id": "ntc1",
      "top": 261.8,
      "left": -135,
      "attrs": {}
    },
    {
      "type": "wokwi-resistor",
      "id": "r1",
      "top": 301.55,
      "left": 67.2,
      "attrs": { "value": "10000" }
    },
    {
      "type": "wokwi-led",
      "id": "led1",
      "top": -118.8,
      "left": 378.2,
      "attrs": { "color": "limegreen" }
    },
    {
      "type": "wokwi-buzzer",
      "id": "bz1",
      "top": -132,
      "left": 501,
      "attrs": { "volume": "0.1" }
    },
    {
      "type": "wokwi-resistor",
      "id": "r2",
      "top": -53.65,
      "left": 259.2,
      "attrs": { "value": "220" }
    },
    {
      "type": "wokwi-led",
      "id": "led2",
      "top": -128.4,
      "left": -82.6,
      "attrs": { "color": "red" }
    },
    {
      "type": "wokwi-resistor",
      "id": "r3",
      "top": -34.45,
      "left": -9.6,
      "attrs": { "value": "1000" }
    }
  ],
  "connections": [
    [ "ntc1:VCC", "uno:5V", "red", [ "h0" ] ],
    [ "ntc1:GND", "uno:GND.2", "black", [ "h0" ] ],
    [ "r1:1", "ntc1:OUT", "green", [ "v0" ] ],
    [ "r1:2", "uno:A0", "green", [ "v0", "h37.2" ] ],
    [ "led1:C", "r2:2", "black", [ "v0" ] ],
    [ "r2:1", "uno:GND.1", "black", [ "v0", "h-163.2", "v86.4" ] ],
    [ "bz1:1", "uno:GND.1", "black", [ "v38.4", "h-432" ] ],
    [ "bz1:2", "uno:5", "red", [ "v48", "h-346" ] ],
    [ "led1:A", "uno:3", "green", [ "v86.4", "h-201.6" ] ],
    [ "led2:A", "uno:4", "green", [ "v19.2", "h211.2" ] ],
    [ "led2:C", "r3:1", "black", [ "v57.6", "h58", "v9.6" ] ],
    [ "r3:2", "uno:GND.1", "black", [ "v0", "h46.8" ] ]
  ],
  "dependencies": {}
}